,Name,Email,Pin,Company,Title,Remarks
4,David Mo,davidmo@jd.com,1111,JD,Staff,fake
0,Eli Ye,eliye@ey.com,1111,EY,Staff,Something to write here
3,Emily Jones,ejones@us.gov,1111,us gov,Manager,fake
2,John Doe,john.doe@abc.com,1111,abc,VP,fake
1,Niki Kim,niki@thestartup.com,1111,TheStartUp,CEO,fake
5,Yuichiro Kawasaki,yk799@cornell.edu,1111,Cornell U,Student,fake
